id,first_name,last_name,email,gender,ip_address
1,Nonie,Hassey,nhassey0@live.com,Female,36.104.56.136
2,Andie,Balf,abalf1@rambler.ru,Female,84.91.34.186
3,Cassandre,Etheredge,cetheredge2@wikipedia.org,Female,103.243.95.6
4,Kimble,De Beauchamp,kdebeauchamp3@imgur.com,Male,75.234.130.157
5,Ryon,Swanwick,rswanwick4@technorati.com,Male,206.60.242.80
6,Luis,Galliver,lgalliver5@auda.org.au,Male,141.240.99.165
7,Abel,Grand,agrand6@sohu.com,Male,115.143.175.168
8,Tuckie,Haslock,thaslock7@gnu.org,Male,169.47.180.115
9,Honor,Caldicott,hcaldicott8@sitemeter.com,Genderqueer,255.145.196.121
10,Siouxie,Elt,selt9@creativecommons.org,Genderfluid,238.90.46.168
11,Terrence,Davenall,tdavenalla@dion.ne.jp,Male,32.10.145.76
12,Nap,Domoney,ndomoneyb@biblegateway.com,Male,82.241.113.7
13,Englebert,Irwin,eirwinc@multiply.com,Male,230.162.127.215
14,Chilton,Dockray,cdockrayd@photobucket.com,Non-binary,247.175.212.72
15,Lulu,Hatfield,lhatfielde@washington.edu,Genderfluid,186.188.157.152
16,Ardyce,de Wilde,adewildef@mit.edu,Female,83.99.17.214
17,Francis,Bosanko,fbosankog@reference.com,Male,240.48.225.157
18,Brittne,Lapish,blapishh@census.gov,Female,103.110.79.45
19,Renaud,Coules,rcoulesi@globo.com,Male,187.103.48.39
20,Kamila,Geratasch,kgerataschj@oracle.com,Female,95.194.168.217
21,Murial,Cuthbertson,mcuthbertsonk@ucla.edu,Female,227.29.183.95
22,Audre,Sheather,asheatherl@discuz.net,Female,160.46.64.210
23,Sherie,Tomik,stomikm@google.cn,Female,189.118.178.186
24,Enrichetta,Lewerenz,elewerenzn@tuttocitta.it,Genderfluid,221.240.194.164
25,Brittne,Lettson,blettsono@facebook.com,Polygender,226.231.209.52
26,Cirilo,Lawlings,clawlingsp@deviantart.com,Male,185.80.234.103
27,Melisenda,Jeacock,mjeacockq@wordpress.org,Female,150.154.224.237
28,Kimbell,Cowton,kcowtonr@skype.com,Male,24.42.135.206
29,Chevalier,Dunbabin,cdunbabins@flavors.me,Male,84.32.193.175
30,Frankie,Kaas,fkaast@livejournal.com,Female,173.122.197.198
31,Frederica,Maskall,fmaskallu@tuttocitta.it,Female,90.190.242.152
32,Mercie,Moxom,mmoxomv@myspace.com,Female,162.2.157.245
33,Savina,Cadany,scadanyw@github.io,Female,106.31.152.195
34,Tan,De Blasio,tdeblasiox@wufoo.com,Male,64.73.64.112
35,Farris,Penberthy,fpenberthyy@unc.edu,Male,13.47.134.88
36,Olenka,Clayworth,oclayworthz@ox.ac.uk,Female,131.202.82.48
37,Zarah,McQuarrie,zmcquarrie10@addtoany.com,Female,48.99.165.200
38,Norton,Mattaus,nmattaus11@mayoclinic.com,Male,104.85.234.113
39,Chucho,Djordjevic,cdjordjevic12@pen.io,Male,144.224.217.37
40,Alaster,Endon,aendon13@opensource.org,Male,253.148.50.183
41,Moreen,Siemon,msiemon14@digg.com,Polygender,36.128.124.202
42,Maude,Lowdyane,mlowdyane15@economist.com,Female,98.83.159.120
43,Derrick,Gyse,dgyse16@toplist.cz,Male,178.190.118.127
44,Horatio,Featonby,hfeatonby17@nbcnews.com,Male,26.25.197.252
45,Marsh,Mathivat,mmathivat18@cdc.gov,Agender,22.193.46.144
46,Haleigh,Brafield,hbrafield19@paginegialle.it,Male,18.118.40.122
47,Jazmin,Rosell,jrosell1a@taobao.com,Genderqueer,110.204.50.115
48,Hewie,Eim,heim1b@qq.com,Male,138.2.201.187
49,Harli,Caizley,hcaizley1c@nsw.gov.au,Female,171.103.198.110
50,Calida,Henden,chenden1d@japanpost.jp,Female,207.192.153.149
51,Emogene,Steptow,esteptow1e@mac.com,Female,80.141.25.195
52,Haskel,Doohan,hdoohan1f@delicious.com,Male,61.27.52.107
53,Pru,Bodicam,pbodicam1g@typepad.com,Female,167.237.126.115
54,Kaycee,Grainger,kgrainger1h@github.io,Female,138.101.203.52
55,Reilly,Farrants,rfarrants1i@barnesandnoble.com,Male,232.30.4.150
56,Angy,Whitehouse,awhitehouse1j@arstechnica.com,Female,29.107.17.27
57,Royce,Asche,rasche1k@trellian.com,Male,128.255.211.174
58,Esther,Rose,erose1l@virginia.edu,Female,212.23.80.201
59,Jen,Klagge,jklagge1m@sphinn.com,Female,162.216.7.170
60,Harland,Micklewicz,hmicklewicz1n@mail.ru,Male,23.145.40.191
61,Bobbye,Cardno,bcardno1o@ycombinator.com,Female,163.25.19.203
62,Arlan,Bakesef,abakesef1p@unc.edu,Male,158.67.49.232
63,Brantley,Dudderidge,bdudderidge1q@sciencedaily.com,Male,52.80.241.206
64,Skipp,Deinert,sdeinert1r@friendfeed.com,Male,49.210.183.22
65,Ashlin,Jacobson,ajacobson1s@oracle.com,Male,155.229.141.166
66,Lark,Eskriet,leskriet1t@newyorker.com,Agender,103.97.141.248
67,Gilberte,Derell,gderell1u@huffingtonpost.com,Female,98.37.207.163
68,Rufe,Torre,rtorre1v@cbslocal.com,Male,206.50.87.125
69,Melanie,Crellim,mcrellim1w@marriott.com,Female,10.70.208.59
70,Ulrike,Harvie,uharvie1x@cnn.com,Female,140.34.124.199
71,Shayne,MacScherie,smacscherie1y@illinois.edu,Female,103.175.224.240
72,Nick,Rudyard,nrudyard1z@goo.ne.jp,Male,236.166.23.69
73,Ferrell,Aukland,faukland20@google.pl,Male,236.218.123.29
74,Carol-jean,Pareman,cpareman21@youku.com,Female,208.4.252.86
75,Tobe,Reedshaw,treedshaw22@sina.com.cn,Male,107.239.249.245
76,Dael,Graver,dgraver23@sphinn.com,Male,127.184.113.84
77,Evelina,Crother,ecrother24@paypal.com,Female,200.159.89.255
78,Oriana,Ayscough,oayscough25@reverbnation.com,Female,2.167.180.57
79,Sonja,Graver,sgraver26@a8.net,Female,8.144.155.26
80,Bondy,Gipp,bgipp27@macromedia.com,Male,77.166.10.236
81,Hastings,Matussov,hmatussov28@ocn.ne.jp,Male,226.50.232.162
82,Weider,Colbrun,wcolbrun29@bigcartel.com,Male,196.128.248.108
83,Damaris,Juschka,djuschka2a@europa.eu,Female,57.249.38.25
84,Nadya,Jurczak,njurczak2b@mtv.com,Female,31.179.239.7
85,Patti,Deaville,pdeaville2c@diigo.com,Female,53.197.27.127
86,Georgianne,Bestall,gbestall2d@parallels.com,Female,55.114.192.4
87,Corty,Hawkey,chawkey2e@studiopress.com,Male,234.148.76.53
88,Jonell,Mead,jmead2f@tiny.cc,Female,68.7.139.90
89,Yuri,Parken,yparken2g@sbwire.com,Male,18.211.108.68
90,Britni,Whittier,bwhittier2h@yahoo.com,Female,45.53.211.96
91,Madelaine,Carlow,mcarlow2i@google.com.au,Female,86.86.112.180
92,Zane,Bottle,zbottle2j@cdc.gov,Male,173.17.151.208
93,Alanson,Gwyther,agwyther2k@vkontakte.ru,Male,79.92.167.140
94,Goran,Mattevi,gmattevi2l@baidu.com,Male,67.0.199.34
95,Guillaume,Humphrys,ghumphrys2m@japanpost.jp,Male,171.142.249.70
96,Glenden,Stappard,gstappard2n@g.co,Male,224.185.99.118
97,Odessa,Fleay,ofleay2o@biglobe.ne.jp,Female,65.190.152.187
98,Zuzana,Leavold,zleavold2p@wordpress.org,Female,81.137.62.43
99,Rourke,Jentges,rjentges2q@photobucket.com,Male,156.179.251.34
100,Nathalie,Domegan,ndomegan2r@cornell.edu,Female,29.137.107.141
101,Drugi,Baskeyfied,dbaskeyfied2s@1688.com,Male,252.185.200.243
102,Loralee,Rubery,lrubery2t@miitbeian.gov.cn,Female,218.178.2.73
103,Murdock,Larsen,mlarsen2u@sogou.com,Male,62.217.126.176
104,Shirlee,Baldazzi,sbaldazzi2v@alexa.com,Polygender,61.14.105.67
105,Mureil,Lohrensen,mlohrensen2w@opensource.org,Female,190.249.30.108
106,Erhard,Stoneman,estoneman2x@chronoengine.com,Male,198.82.130.109
107,Milo,Whimpenny,mwhimpenny2y@buzzfeed.com,Male,115.4.184.202
108,Rorie,Sherbrook,rsherbrook2z@g.co,Female,28.145.70.41
109,Thia,Rollin,trollin30@bbb.org,Female,212.103.7.236
110,Daphne,Desvignes,ddesvignes31@topsy.com,Female,186.112.216.100
111,Vannie,Paolone,vpaolone32@timesonline.co.uk,Female,15.24.207.124
112,Granger,Roman,groman33@cornell.edu,Male,80.55.45.197
113,Keeley,Benediktsson,kbenediktsson34@addtoany.com,Female,128.118.14.35
114,Virgilio,Cradoc,vcradoc35@xrea.com,Male,41.115.172.159
115,Lombard,Twitty,ltwitty36@live.com,Male,251.221.41.46
116,Sawyere,Orr,sorr37@oakley.com,Male,37.233.167.237
117,Colin,Wasielewicz,cwasielewicz38@issuu.com,Male,234.180.64.84
118,Stepha,Joriot,sjoriot39@discovery.com,Female,39.90.249.102
119,Arri,Riste,ariste3a@theatlantic.com,Male,8.39.104.120
120,Lief,Betancourt,lbetancourt3b@hubpages.com,Male,58.236.208.165
121,Barbabas,Slaight,bslaight3c@indiegogo.com,Male,105.30.157.153
122,Rhetta,Duncan,rduncan3d@army.mil,Female,182.220.164.33
123,Tony,Bromhead,tbromhead3e@google.nl,Female,114.168.81.122
124,Sonia,Kmietsch,skmietsch3f@spotify.com,Female,249.242.142.33
125,Carny,Clawson,cclawson3g@ustream.tv,Male,179.171.36.193
126,Merrick,Buttrick,mbuttrick3h@trellian.com,Male,191.106.229.29
127,Ollie,Peasey,opeasey3i@slashdot.org,Male,73.12.244.27
128,Meridel,Dimelow,mdimelow3j@economist.com,Female,157.29.39.119
129,Waylon,Calverley,wcalverley3k@addtoany.com,Male,242.7.243.27
130,Edgardo,Pougher,epougher3l@berkeley.edu,Male,32.85.168.247
131,Jeralee,Merry,jmerry3m@imdb.com,Genderqueer,199.125.54.83
132,Michell,Sultana,msultana3n@bloomberg.com,Female,116.84.165.54
133,Robinson,Albert,ralbert3o@cnet.com,Male,6.160.203.110
134,Tedda,Chesney,tchesney3p@edublogs.org,Female,198.183.166.5
135,Rainer,Phettiplace,rphettiplace3q@imdb.com,Male,179.133.52.9
136,Wolfgang,Mowlam,wmowlam3r@mtv.com,Male,214.123.241.214
137,Benton,Yearron,byearron3s@github.com,Male,74.131.50.110
138,Hoebart,Porker,hporker3t@linkedin.com,Male,255.174.105.31
139,Golda,Izakoff,gizakoff3u@rambler.ru,Female,138.236.177.10
140,Maje,Knowling,mknowling3v@webmd.com,Male,78.37.197.70
141,Mayor,Brideoke,mbrideoke3w@constantcontact.com,Male,202.39.7.181
142,Max,Aps,maps3x@cocolog-nifty.com,Female,248.15.44.250
143,Meridith,Struthers,mstruthers3y@linkedin.com,Female,169.72.102.185
144,Emlyn,Stoke,estoke3z@ow.ly,Female,229.74.33.144
145,Bibi,Bagley,bbagley40@wikimedia.org,Female,71.2.37.112
146,Tamar,Kearey,tkearey41@canalblog.com,Female,63.211.235.88
147,Pernell,Oke,poke42@e-recht24.de,Male,11.126.67.215
148,Willetta,Habron,whabron43@apache.org,Female,249.162.96.40
149,Anatol,McConachie,amcconachie44@theguardian.com,Male,133.123.229.138
150,Gordan,Emps,gemps45@cpanel.net,Agender,231.205.46.129
151,Cam,Hucke,chucke46@eventbrite.com,Male,156.40.187.2
152,Bertram,Gimenez,bgimenez47@who.int,Male,89.135.136.56
153,Donielle,Elsom,delsom48@example.com,Female,202.132.228.164
154,Cad,Minger,cminger49@macromedia.com,Male,130.100.106.10
155,Sasha,Teml,steml4a@themeforest.net,Male,141.8.184.110
156,Mikael,McCourt,mmccourt4b@nba.com,Male,130.20.193.22
157,Harrietta,Callingham,hcallingham4c@nba.com,Female,101.117.154.54
158,Noami,Mouatt,nmouatt4d@prweb.com,Female,39.100.201.117
159,Sherry,Bonsall,sbonsall4e@sbwire.com,Female,232.227.129.45
160,Bell,Lile,blile4f@studiopress.com,Female,137.174.10.4
161,Louis,Abramson,labramson4g@bloomberg.com,Male,115.174.47.134
162,Inna,Highnam,ihighnam4h@dagondesign.com,Female,163.8.250.70
163,Bernardina,Balm,bbalm4i@privacy.gov.au,Female,12.199.163.218
164,Lissie,Legier,llegier4j@wikimedia.org,Genderfluid,80.214.132.3
165,Zorine,Albarez,zalbarez4k@tmall.com,Female,57.21.245.106
166,Ettie,Sandlin,esandlin4l@imgur.com,Female,173.209.71.59
167,Nicole,Noorwood,nnoorwood4m@dion.ne.jp,Genderfluid,80.93.62.219
168,Kermy,Renahan,krenahan4n@statcounter.com,Genderqueer,166.140.108.57
169,Cynthea,Ower,cower4o@aboutads.info,Female,215.177.211.5
170,Lynde,Denizet,ldenizet4p@elpais.com,Female,126.109.75.211
171,Ashbey,Firidolfi,afiridolfi4q@google.ca,Male,67.29.166.242
172,Skip,O'Hallagan,sohallagan4r@friendfeed.com,Male,33.85.135.46
173,Cornell,MacFarlane,cmacfarlane4s@cnbc.com,Male,149.156.83.192
174,Celesta,Blann,cblann4t@yale.edu,Female,11.20.246.239
175,Kaitlyn,Mattys,kmattys4u@linkedin.com,Female,252.89.116.55
176,Anatole,Obal,aobal4v@techcrunch.com,Male,214.29.195.223
177,Amerigo,Sworn,asworn4w@amazon.co.uk,Male,14.89.54.198
178,Pavlov,Lounds,plounds4x@craigslist.org,Male,79.94.62.1
179,Seward,Shasnan,sshasnan4y@blogs.com,Male,203.243.122.188
180,Jackqueline,Fowlestone,jfowlestone4z@theglobeandmail.com,Female,195.157.53.61
181,Tobit,Deluce,tdeluce50@creativecommons.org,Male,218.152.162.45
182,Tonnie,Peter,tpeter51@godaddy.com,Male,6.78.226.167
183,Percy,Andrin,pandrin52@wordpress.com,Male,225.145.255.205
184,Valeria,McDonagh,vmcdonagh53@macromedia.com,Female,126.245.71.142
185,Yetty,Pond,ypond54@miibeian.gov.cn,Female,239.160.26.195
186,Tracey,Soeiro,tsoeiro55@usnews.com,Male,84.213.91.202
187,Aili,Mattussevich,amattussevich56@vkontakte.ru,Female,134.74.44.6
188,Beauregard,Downing,bdowning57@deliciousdays.com,Male,81.173.198.158
189,Judas,Lorie,jlorie58@nifty.com,Male,193.58.15.182
190,Cullen,Woollett,cwoollett59@blogs.com,Male,81.106.164.48
191,Elvis,Rodder,erodder5a@wsj.com,Male,24.219.90.60
192,Camila,Lensch,clensch5b@narod.ru,Female,77.72.66.228
193,Collin,Kopta,ckopta5c@histats.com,Male,117.190.141.125
194,Renee,Rayson,rrayson5d@fc2.com,Female,81.222.84.220
195,Oona,Whitney,owhitney5e@yandex.ru,Bigender,79.126.89.209
196,Leanor,Dorrance,ldorrance5f@goodreads.com,Female,46.57.217.199
197,Guss,Cabane,gcabane5g@sbwire.com,Male,255.120.159.46
198,Carlyle,Winridge,cwinridge5h@state.gov,Male,45.141.77.202
199,Valida,Gronou,vgronou5i@4shared.com,Female,197.49.88.104
200,Barret,Arnecke,barnecke5j@prweb.com,Male,179.91.24.169
201,Giustino,Latore,glatore5k@columbia.edu,Male,55.75.198.177
202,Easter,Laugherane,elaugherane5l@lycos.com,Female,66.94.12.4
203,Chrissie,Anthona,canthona5m@ox.ac.uk,Male,87.11.163.226
204,Brooke,Peterkin,bpeterkin5n@thetimes.co.uk,Male,174.84.165.174
205,Petronilla,Carhart,pcarhart5o@instagram.com,Female,224.90.150.180
206,Cassy,Minghella,cminghella5p@mtv.com,Female,193.38.105.19
207,Dorey,Cutchie,dcutchie5q@nba.com,Female,117.175.252.137
208,Theo,Fasler,tfasler5r@bloglovin.com,Male,96.191.77.29
209,Rosabelle,Topping,rtopping5s@adobe.com,Female,75.157.46.4
210,Aretha,Dyte,adyte5t@pinterest.com,Female,90.203.132.170
211,Crissie,Dawtre,cdawtre5u@dion.ne.jp,Female,241.250.167.172
212,Loren,Cholomin,lcholomin5v@unesco.org,Male,155.160.69.148
213,Lenci,Fleay,lfleay5w@theatlantic.com,Male,61.198.189.236
214,Gaylord,Boshere,gboshere5x@cdbaby.com,Male,120.113.165.253
215,Cull,Szreter,cszreter5y@ask.com,Male,224.196.26.83
216,Cornelia,Heinish,cheinish5z@nature.com,Female,101.20.227.22
217,Korry,Meffen,kmeffen60@google.com.au,Female,92.82.207.34
218,Kimberly,Mattei,kmattei61@ox.ac.uk,Female,254.153.60.184
219,Kip,Hattiff,khattiff62@sciencedaily.com,Female,161.29.185.249
220,Kathleen,McGibbon,kmcgibbon63@t.co,Female,185.35.9.240
221,Millicent,Wellington,mwellington64@simplemachines.org,Female,255.122.158.49
222,Margeaux,Tearny,mtearny65@dropbox.com,Female,106.139.252.139
223,Emilie,Gammons,egammons66@linkedin.com,Female,166.231.31.61
224,Betti,Lyons,blyons67@mapy.cz,Female,91.101.34.123
225,Jenilee,Wookey,jwookey68@networksolutions.com,Female,242.126.95.47
226,Madeline,Tanguy,mtanguy69@businesswire.com,Female,226.192.240.108
227,Bellanca,Dumphreys,bdumphreys6a@narod.ru,Female,60.51.49.140
228,Philbert,Lutwidge,plutwidge6b@thetimes.co.uk,Male,126.109.3.55
229,Orville,Hanshaw,ohanshaw6c@reddit.com,Male,16.1.85.27
230,Edik,Kuhlen,ekuhlen6d@nymag.com,Male,212.227.229.221
231,Caprice,Bray,cbray6e@gnu.org,Female,168.172.30.151
232,Irwin,Bessom,ibessom6f@soup.io,Male,38.77.29.141
233,Godwin,Dron,gdron6g@zimbio.com,Male,164.236.77.110
234,Orson,Reidshaw,oreidshaw6h@bloglovin.com,Male,176.52.223.86
235,Abigail,Maha,amaha6i@yahoo.co.jp,Female,124.113.5.154
236,Micky,Filtness,mfiltness6j@etsy.com,Male,251.181.66.147
237,Nelia,Pound,npound6k@bloomberg.com,Female,63.214.209.249
238,Edee,Gately,egately6l@sakura.ne.jp,Female,250.168.119.247
239,Arlana,Alliker,aalliker6m@etsy.com,Female,243.25.21.31
240,Kinna,Rainard,krainard6n@ebay.com,Female,156.252.42.147
241,Jeanna,Caile,jcaile6o@nytimes.com,Genderqueer,9.162.148.79
242,Herold,Freeland,hfreeland6p@qq.com,Male,185.64.7.60
243,Ram,Wales,rwales6q@prweb.com,Male,202.241.102.114
244,Rhody,Gostyke,rgostyke6r@umn.edu,Female,61.69.34.120
245,Marianna,Norvill,mnorvill6s@pcworld.com,Female,217.167.250.74
246,Aleda,Edowes,aedowes6t@gizmodo.com,Female,9.38.252.80
247,Guendolen,Kemshell,gkemshell6u@cpanel.net,Female,27.134.96.32
248,Teodorico,Spoors,tspoors6v@toplist.cz,Male,139.141.28.198
249,Dun,Colbron,dcolbron6w@yahoo.co.jp,Male,72.152.245.220
250,Jamill,Sclater,jsclater6x@newyorker.com,Male,93.176.243.175
251,Allissa,McRuvie,amcruvie6y@nytimes.com,Female,149.142.98.27
252,Janette,Carlozzi,jcarlozzi6z@oracle.com,Female,206.69.60.3
253,Zelig,De Zuani,zdezuani70@51.la,Male,251.177.178.154
254,Anthia,Veall,aveall71@cocolog-nifty.com,Female,108.20.253.128
255,Kincaid,Kinner,kkinner72@chronoengine.com,Male,52.145.118.104
256,Randy,Pamphilon,rpamphilon73@g.co,Female,40.201.250.182
257,Anny,Nottram,anottram74@archive.org,Polygender,20.67.3.207
258,Dennison,De Giovanni,ddegiovanni75@cnn.com,Male,198.122.238.95
259,Barron,Attride,battride76@twitter.com,Male,96.211.152.80
260,Foss,Chooter,fchooter77@networkadvertising.org,Male,86.192.196.106
261,Lyndsie,Ricciardello,lricciardello78@jiathis.com,Female,162.34.181.234
262,Shanta,Topaz,stopaz79@bbc.co.uk,Female,101.51.116.53
263,Danit,Whittington,dwhittington7a@wufoo.com,Female,97.141.243.21
264,Amalee,Normabell,anormabell7b@reverbnation.com,Polygender,136.48.155.210
265,Tabor,Marieton,tmarieton7c@guardian.co.uk,Male,171.11.202.228
266,Mechelle,Sekulla,msekulla7d@dmoz.org,Female,7.93.17.74
267,Kelley,Langfat,klangfat7e@last.fm,Genderfluid,113.255.64.246
268,Ashlin,Voak,avoak7f@sciencedirect.com,Male,26.0.183.186
269,Angie,Soper,asoper7g@foxnews.com,Female,239.100.190.89
270,Thedric,Barus,tbarus7h@statcounter.com,Male,91.127.199.97
271,Arden,McCoid,amccoid7i@godaddy.com,Female,187.250.251.122
272,Tami,Bedrosian,tbedrosian7j@bloglines.com,Female,190.217.157.139
273,Lauraine,Jeanequin,ljeanequin7k@uiuc.edu,Female,1.97.41.97
274,Lurlene,Bickers,lbickers7l@ft.com,Female,191.112.169.18
275,Eb,Jacklings,ejacklings7m@nifty.com,Male,4.23.225.214
276,Malva,Hawkyens,mhawkyens7n@discuz.net,Female,48.162.84.159
277,Ania,Metts,ametts7o@jalbum.net,Female,222.120.3.182
278,Reynard,Conner,rconner7p@sakura.ne.jp,Male,20.227.18.148
279,Waldemar,Bentz,wbentz7q@salon.com,Male,214.227.222.218
280,Agnese,Scarffe,ascarffe7r@taobao.com,Female,212.144.188.125
281,Danya,Pedroli,dpedroli7s@vimeo.com,Male,208.88.220.7
282,Taite,Grunson,tgrunson7t@bing.com,Male,135.217.63.3
283,Sandra,Dearman,sdearman7u@comsenz.com,Female,26.229.255.114
284,Joby,Font,jfont7v@harvard.edu,Female,146.56.137.198
285,Issi,Stopps,istopps7w@so-net.ne.jp,Female,229.221.40.138
286,Julianna,Conman,jconman7x@soup.io,Female,228.197.202.8
287,Charlene,Darkins,cdarkins7y@twitpic.com,Female,118.199.117.46
288,Marieann,Mellonby,mmellonby7z@google.nl,Female,226.7.215.134
289,Arthur,Loynton,aloynton80@virginia.edu,Male,5.66.103.125
290,Matty,Brine,mbrine81@cnn.com,Female,153.93.4.223
291,Lyon,Herreros,lherreros82@globo.com,Male,70.193.104.253
292,Ronnica,Stannus,rstannus83@google.es,Female,67.220.115.174
293,Giuseppe,Secret,gsecret84@guardian.co.uk,Male,18.50.182.1
294,Clerc,Parkey,cparkey85@forbes.com,Male,208.161.155.122
295,Gill,Huelin,ghuelin86@liveinternet.ru,Male,126.152.80.251
296,Cathie,Toolan,ctoolan87@printfriendly.com,Female,254.161.170.158
297,Clay,Fedder,cfedder88@xing.com,Male,115.127.206.48
298,Oliy,Edgeson,oedgeson89@wisc.edu,Female,1.131.97.149
299,Cleavland,Cobb,ccobb8a@tumblr.com,Male,214.59.87.255
300,Bertine,Dunkinson,bdunkinson8b@ning.com,Female,40.81.222.21
301,Jo-ann,Iglesias,jiglesias8c@fda.gov,Female,161.31.99.19
302,Teodoor,Derrett,tderrett8d@prlog.org,Male,65.217.172.94
303,Temp,McKeran,tmckeran8e@feedburner.com,Genderfluid,129.0.174.157
304,Sherwood,Smorthit,ssmorthit8f@narod.ru,Male,213.205.182.59
305,Drusilla,Brandts,dbrandts8g@google.com.br,Female,15.114.198.206
306,Myrta,Mansion,mmansion8h@statcounter.com,Female,81.162.156.168
307,Jocko,Vequaud,jvequaud8i@canalblog.com,Male,83.30.117.84
308,Nanine,O'Dyvoie,nodyvoie8j@newyorker.com,Female,136.115.64.180
309,Stevy,Pedrocco,spedrocco8k@symantec.com,Male,215.44.26.240
310,Sol,Gapper,sgapper8l@alibaba.com,Male,164.119.168.124
311,Bernadine,Penhalurick,bpenhalurick8m@pagesperso-orange.fr,Female,21.27.38.225
312,Brendan,Kroger,bkroger8n@go.com,Male,173.156.162.179
313,Luz,Mooney,lmooney8o@devhub.com,Female,101.37.60.14
314,Bran,Fiddymont,bfiddymont8p@1688.com,Male,129.162.240.197
315,Deane,Oliva,doliva8q@ocn.ne.jp,Female,161.195.67.207
316,Charmion,Dechelle,cdechelle8r@bravesites.com,Female,170.239.233.45
317,Hagan,Holdall,hholdall8s@geocities.com,Male,147.161.95.99
318,Wyatt,Snoddon,wsnoddon8t@jigsy.com,Male,214.67.246.51
319,Wynn,Eggers,weggers8u@yahoo.com,Female,141.208.152.187
320,Alic,Hemphill,ahemphill8v@amazon.de,Male,20.14.170.40
321,Roxy,Campbell,rcampbell8w@abc.net.au,Female,109.91.238.98
322,Piper,Batch,pbatch8x@ucla.edu,Female,150.18.65.93
323,Kippy,Cuphus,kcuphus8y@alexa.com,Male,63.99.135.97
324,Filippo,Celes,fceles8z@discovery.com,Male,173.184.222.33
325,Pandora,Putman,pputman90@cmu.edu,Female,1.71.248.195
326,Chaunce,Bawcock,cbawcock91@merriam-webster.com,Male,189.4.191.72
327,Merrielle,Barratt,mbarratt92@gmpg.org,Female,6.249.84.75
328,Stillmann,Cornthwaite,scornthwaite93@examiner.com,Male,158.130.9.133
329,Clotilda,Cecely,ccecely94@hubpages.com,Female,38.120.249.58
330,Forester,Slinn,fslinn95@tripadvisor.com,Male,201.20.123.169
331,Ario,Lockie,alockie96@quantcast.com,Male,208.149.152.189
332,Merell,Driver,mdriver97@gov.uk,Male,153.99.159.81
333,Tristam,Sharpley,tsharpley98@bbb.org,Male,67.63.33.83
334,Ignacio,Arnett,iarnett99@npr.org,Male,254.148.110.182
335,Chandal,Jeacop,cjeacop9a@nature.com,Female,230.5.64.215
336,Eugenia,Secombe,esecombe9b@moonfruit.com,Female,41.24.225.58
337,Shani,Miebes,smiebes9c@addtoany.com,Female,152.137.112.223
338,Theodosia,Dimitriades,tdimitriades9d@engadget.com,Female,174.13.103.112
339,Carilyn,Rishman,crishman9e@photobucket.com,Female,142.239.250.163
340,Estrellita,Vaun,evaun9f@ycombinator.com,Female,143.214.60.84
341,Roderic,Gorden,rgorden9g@mysql.com,Male,54.46.240.169
342,Creighton,Scintsbury,cscintsbury9h@ebay.co.uk,Male,87.167.31.63
343,Freddie,Pitman,fpitman9i@godaddy.com,Female,30.67.103.138
344,Clovis,Cuerdale,ccuerdale9j@pcworld.com,Female,149.56.218.29
345,Hetti,Cancott,hcancott9k@wired.com,Female,9.202.59.80
346,Tully,Isaaksohn,tisaaksohn9l@omniture.com,Male,229.50.244.117
347,Alberik,Shaudfurth,ashaudfurth9m@yahoo.com,Male,124.73.227.19
348,Philipa,Tidswell,ptidswell9n@angelfire.com,Female,232.73.69.165
349,Fletch,Rosen,frosen9o@typepad.com,Male,176.2.106.85
350,George,Garfield,ggarfield9p@cnet.com,Female,178.26.194.68
351,Andreas,De Angelo,adeangelo9q@issuu.com,Male,119.227.145.16
352,Silvia,Vaun,svaun9r@google.com,Female,171.122.81.74
353,Hatty,Thomesson,hthomesson9s@latimes.com,Female,106.135.155.65
354,Jannelle,Weeks,jweeks9t@cbc.ca,Female,99.113.124.74
355,Rollie,Waterworth,rwaterworth9u@slideshare.net,Male,93.141.216.143
356,Margarette,Retchless,mretchless9v@barnesandnoble.com,Bigender,83.63.54.3
357,Andriette,Larkkem,alarkkem9w@unblog.fr,Female,194.111.83.124
358,Doro,Depper,ddepper9x@merriam-webster.com,Female,115.169.121.141
359,Gualterio,Jepperson,gjepperson9y@bigcartel.com,Male,136.254.14.128
360,Boigie,Hews,bhews9z@archive.org,Male,234.11.223.74
361,Esmaria,Nourse,enoursea0@creativecommons.org,Female,19.6.64.226
362,Rianon,Shotbolt,rshotbolta1@sina.com.cn,Female,68.108.181.146
363,Caitrin,Ferdinand,cferdinanda2@sbwire.com,Polygender,159.34.129.194
364,Julina,Minnock,jminnocka3@geocities.com,Female,41.120.13.231
365,Caleb,Curman,ccurmana4@goodreads.com,Male,5.177.213.155
366,Romy,Halladay,rhalladaya5@tumblr.com,Female,168.220.71.49
367,Micah,Robottham,mrobotthama6@gmpg.org,Polygender,211.183.68.69
368,Corrianne,Fautly,cfautlya7@oaic.gov.au,Female,95.245.104.86
369,Vasilis,Wollrauch,vwollraucha8@home.pl,Male,198.75.0.7
370,Sydney,Stubbe,sstubbea9@baidu.com,Female,82.139.19.89
371,Marabel,McEttigen,mmcettigenaa@jalbum.net,Bigender,134.118.135.171
372,Corliss,Wile,cwileab@un.org,Female,34.155.211.137
373,Marillin,Pecey,mpeceyac@wikipedia.org,Female,70.9.67.81
374,Gavra,Seson,gsesonad@istockphoto.com,Female,79.56.3.235
375,Lucinda,Bennike,lbennikeae@smh.com.au,Female,48.184.147.69
376,Vinni,Dulling,vdullingaf@wiley.com,Female,16.117.8.46
377,Elane,Cruft,ecruftag@infoseek.co.jp,Female,55.198.169.157
378,Costanza,McKmurrie,cmckmurrieah@exblog.jp,Female,95.98.156.97
379,Doreen,Bartlomiejczyk,dbartlomiejczykai@spotify.com,Female,109.247.10.200
380,Gregorius,Ponting,gpontingaj@homestead.com,Male,126.213.44.153
381,Conrado,Gimber,cgimberak@tripadvisor.com,Male,209.205.67.42
382,Mil,Cunrado,mcunradoal@cbsnews.com,Female,158.179.137.32
383,Lyell,Bleazard,lbleazardam@mediafire.com,Male,221.142.37.75
384,Justine,Siaspinski,jsiaspinskian@is.gd,Female,101.115.25.57
385,Fairleigh,Nial,fnialao@blog.com,Male,21.23.140.155
386,Cad,Lancett,clancettap@homestead.com,Bigender,98.243.179.101
387,Florie,Effaunt,feffauntaq@irs.gov,Female,183.35.129.117
388,Tomkin,Gogie,tgogiear@dot.gov,Male,232.32.115.250
389,Ellene,Hardbattle,ehardbattleas@mac.com,Female,66.148.93.151
390,Heida,Provis,hprovisat@merriam-webster.com,Female,107.212.134.128
391,Mallissa,Bummfrey,mbummfreyau@cafepress.com,Genderfluid,169.129.165.208
392,Davina,Wasbey,dwasbeyav@so-net.ne.jp,Female,61.137.227.99
393,Chad,Bleackly,cbleacklyaw@ask.com,Male,23.251.87.106
394,Godard,Sorbey,gsorbeyax@themeforest.net,Male,249.185.26.19
395,Nikoletta,Radbond,nradbonday@is.gd,Female,116.108.106.37
396,Weider,Firmager,wfirmageraz@ovh.net,Bigender,43.215.62.125
397,Layney,Bissiker,lbissikerb0@oracle.com,Female,45.103.253.248
398,Merry,Meconi,mmeconib1@stumbleupon.com,Male,0.96.224.117
399,Lorry,Storror,lstorrorb2@squidoo.com,Female,145.81.28.76
400,Rubin,Lammerding,rlammerdingb3@parallels.com,Polygender,93.159.195.59
401,Richardo,Severn,rsevernb4@alexa.com,Male,0.249.111.193
402,Midge,Quiney,mquineyb5@weather.com,Female,37.189.225.249
403,Christina,Glenton,cglentonb6@springer.com,Genderfluid,185.4.212.74
404,Amelia,Mc Curlye,amccurlyeb7@hc360.com,Female,238.201.106.70
405,Angel,Breazeall,abreazeallb8@nba.com,Male,41.227.205.232
406,Barby,Francesch,bfranceschb9@tuttocitta.it,Female,181.40.124.46
407,Marie-ann,Handslip,mhandslipba@google.co.jp,Female,219.60.94.131
408,Maximilian,Cristofari,mcristofaribb@wsj.com,Male,85.44.195.101
409,Shelley,Gerrett,sgerrettbc@walmart.com,Male,123.18.190.212
410,Sean,Halbert,shalbertbd@artisteer.com,Agender,163.85.71.104
411,Shepperd,Tenny,stennybe@nbcnews.com,Male,67.205.185.22
412,Miran,Cardenas,mcardenasbf@photobucket.com,Genderfluid,176.228.79.67
413,Valry,Lehon,vlehonbg@ft.com,Agender,30.51.142.178
414,Dynah,Roswarne,droswarnebh@elegantthemes.com,Female,124.113.99.164
415,Ginger,Chetwynd,gchetwyndbi@redcross.org,Male,102.223.61.114
416,Cristine,Leggen,cleggenbj@delicious.com,Female,13.134.89.185
417,Shanta,Gensavage,sgensavagebk@unicef.org,Female,115.242.129.74
418,Meggie,Bonham,mbonhambl@phoca.cz,Female,46.107.172.31
419,Chiquita,Westlake,cwestlakebm@rediff.com,Female,64.150.228.89
420,Torrie,Baythorp,tbaythorpbn@newyorker.com,Female,128.182.156.57
421,Karlan,Lidyard,klidyardbo@desdev.cn,Male,188.35.86.98
422,Bunni,Roubeix,broubeixbp@tiny.cc,Female,46.235.238.78
423,Glynnis,Shorthill,gshorthillbq@oracle.com,Female,107.188.139.47
424,Dolli,Szimon,dszimonbr@shutterfly.com,Female,210.204.1.245
425,Ursulina,Willoughley,uwilloughleybs@apache.org,Female,160.158.106.253
426,Ileana,Kersey,ikerseybt@domainmarket.com,Female,208.162.236.116
427,Robinet,Vinau,rvinaubu@bluehost.com,Female,81.122.229.119
428,Wilt,Hastilow,whastilowbv@canalblog.com,Male,139.213.158.6
429,Hortensia,Lowson,hlowsonbw@zdnet.com,Female,224.68.47.101
430,Karney,Waddoups,kwaddoupsbx@microsoft.com,Male,2.235.209.231
431,Rosalind,Ridehalgh,rridehalghby@printfriendly.com,Female,250.104.25.201
432,Curr,Glancy,cglancybz@tiny.cc,Male,159.110.228.123
433,Marline,Gadie,mgadiec0@bizjournals.com,Female,75.122.71.191
434,Penrod,Zavattieri,pzavattieric1@bbb.org,Non-binary,91.109.185.169
435,Ann,Lawther,alawtherc2@google.com.au,Female,90.151.35.11
436,Kaitlynn,Iglesias,kiglesiasc3@odnoklassniki.ru,Female,93.251.116.97
437,Tiphany,McInally,tmcinallyc4@nhs.uk,Female,90.160.117.251
438,Donny,Scambler,dscamblerc5@jiathis.com,Female,63.34.179.81
439,Jaye,Furley,jfurleyc6@godaddy.com,Male,233.123.4.127
440,Caryl,Kinig,ckinigc7@unblog.fr,Female,168.153.37.74
441,Cathyleen,Sword,cswordc8@time.com,Female,170.252.243.44
442,Derrick,Khristyukhin,dkhristyukhinc9@boston.com,Bigender,112.50.246.176
443,Renelle,Punton,rpuntonca@npr.org,Female,76.6.213.96
444,Eli,Crissil,ecrissilcb@devhub.com,Male,201.40.61.97
445,Bridget,Cicchillo,bcicchillocc@naver.com,Female,251.180.177.238
446,Row,Monday,rmondaycd@hao123.com,Female,183.22.226.124
447,Nita,Leghorn,nleghornce@state.gov,Female,146.116.101.27
448,Terri-jo,McQuillen,tmcquillencf@youtu.be,Female,103.15.43.78
449,Diahann,Crudge,dcrudgecg@icq.com,Female,226.140.9.5
450,Gregg,Pembridge,gpembridgech@google.pl,Male,184.197.151.75
451,Roanne,Brunelleschi,rbrunelleschici@shareasale.com,Female,233.176.191.172
452,Torrin,Gatley,tgatleycj@youtu.be,Male,194.233.58.226
453,Aurthur,Syers,asyersck@bing.com,Male,36.94.118.237
454,Cathee,Boarer,cboarercl@list-manage.com,Female,72.27.20.162
455,Berny,Parkeson,bparkesoncm@arstechnica.com,Female,152.99.72.33
456,Dominique,Wickes,dwickescn@webeden.co.uk,Male,218.175.106.170
457,Trudi,MacAiline,tmacailineco@bloomberg.com,Female,180.168.19.82
458,Douglas,Wahncke,dwahnckecp@ox.ac.uk,Male,75.77.5.223
459,Teodoro,Driussi,tdriussicq@flavors.me,Male,97.235.166.255
460,Page,Bungey,pbungeycr@istockphoto.com,Female,144.131.126.132
461,Cherie,Marcus,cmarcuscs@sfgate.com,Female,194.122.12.149
462,Mariette,Greeveson,mgreevesonct@google.com,Female,239.108.246.27
463,Gracia,Deveraux,gdeverauxcu@blogger.com,Female,121.154.235.9
464,Sarina,Deacock,sdeacockcv@themeforest.net,Female,237.110.193.137
465,Howard,De Avenell,hdeavenellcw@diigo.com,Male,167.33.33.162
466,Vinnie,Brantzen,vbrantzencx@over-blog.com,Male,19.1.7.151
467,Burke,Pierce,bpiercecy@multiply.com,Male,13.52.138.136
468,Delmor,Oakshott,doakshottcz@globo.com,Male,79.143.136.182
469,Sancho,Brosoli,sbrosolid0@last.fm,Male,187.49.196.183
470,Stearn,Hadkins,shadkinsd1@furl.net,Male,234.193.96.180
471,Shannah,Poynton,spoyntond2@alibaba.com,Female,131.52.218.128
472,Isahella,Maplethorp,imaplethorpd3@linkedin.com,Female,221.174.228.58
473,Kaylee,Jedraszek,kjedraszekd4@digg.com,Female,142.195.195.180
474,Cherilyn,Sayton,csaytond5@theguardian.com,Genderqueer,108.12.69.29
475,Margarete,Wilber,mwilberd6@pcworld.com,Female,144.101.189.142
476,Terrill,Glen,tglend7@360.cn,Male,131.90.104.235
477,Earl,Kilbey,ekilbeyd8@yellowpages.com,Male,163.227.68.129
478,Meggy,Ilett,milettd9@w3.org,Female,246.85.149.238
479,Alfredo,Winchester,awinchesterda@hubpages.com,Male,101.104.206.150
480,Ole,Anthes,oanthesdb@amazon.com,Male,146.134.151.62
481,Curtice,Joincey,cjoinceydc@ucoz.com,Male,135.113.128.228
482,Arney,Poulglais,apoulglaisdd@aol.com,Male,127.209.220.115
483,Gay,Worsfold,gworsfoldde@usnews.com,Female,212.167.59.223
484,Berkly,Izzatt,bizzattdf@toplist.cz,Male,224.197.83.7
485,Devland,Popeley,dpopeleydg@sbwire.com,Male,246.143.233.145
486,Caesar,Gallehawk,cgallehawkdh@elegantthemes.com,Male,60.209.241.164
487,Lula,Cheek,lcheekdi@163.com,Female,129.203.226.210
488,Tulley,Guess,tguessdj@networksolutions.com,Male,105.114.230.18
489,Tracie,Honnicott,thonnicottdk@nba.com,Polygender,93.17.153.94
490,Farrel,Kingsnoad,fkingsnoaddl@biblegateway.com,Male,136.136.154.79
491,Swen,Lugsdin,slugsdindm@hostgator.com,Male,238.182.159.50
492,Harriet,Sworne,hswornedn@qq.com,Female,154.17.215.151
493,Sauncho,Blackborn,sblackborndo@smugmug.com,Male,119.0.231.140
494,Denni,Bruineman,dbruinemandp@cisco.com,Female,177.187.126.53
495,Janot,Kermit,jkermitdq@theatlantic.com,Female,201.11.63.254
496,Itch,Beggan,ibeggandr@t-online.de,Male,4.205.159.92
497,Gerhardt,Woods,gwoodsds@google.com.hk,Male,134.75.58.236
498,Ennis,Leppington,eleppingtondt@reddit.com,Male,61.147.159.40
499,Deeanne,Churchman,dchurchmandu@hibu.com,Female,225.158.178.74
500,Alix,Heinish,aheinishdv@mozilla.org,Female,60.185.237.1
501,Halli,Jouannisson,hjouannissondw@so-net.ne.jp,Genderfluid,161.131.87.77
502,Jerrome,Massard,jmassarddx@pen.io,Male,8.134.71.233
503,Porty,Mercer,pmercerdy@e-recht24.de,Male,110.118.252.150
504,Jesus,Laughrey,jlaughreydz@utexas.edu,Male,49.147.228.81
505,Adda,Van Arsdall,avanarsdalle0@hao123.com,Female,132.87.82.212
506,Bonnee,Zoephel,bzoephele1@go.com,Female,197.70.29.84
507,West,De Carteret,wdecarterete2@friendfeed.com,Male,42.173.136.149
508,Reilly,Western,rwesterne3@springer.com,Male,97.139.209.226
509,Maris,Luckcuck,mluckcucke4@weather.com,Female,45.166.230.247
510,Bryan,Wealleans,bwealleanse5@pen.io,Male,62.192.228.51
511,Evangelia,Strutton,estruttone6@xrea.com,Female,205.138.194.132
512,Margalo,Prescott,mprescotte7@trellian.com,Female,193.38.99.149
513,Nadean,Hayhow,nhayhowe8@mashable.com,Bigender,176.32.134.95
514,Lucas,Bermingham,lberminghame9@qq.com,Male,122.158.204.135
515,Cristi,Vater,cvaterea@is.gd,Female,183.45.229.25
516,Shanda,Rome,sromeeb@phpbb.com,Female,179.210.152.138
517,Othilia,Lewton,olewtonec@wiley.com,Female,57.191.11.195
518,Rozalin,Heindrich,rheindriched@ask.com,Bigender,85.109.115.118
519,Kalil,Heeley,kheeleyee@nymag.com,Male,148.221.187.175
520,Laura,McLafferty,lmclaffertyef@harvard.edu,Female,40.24.116.78
521,Clarice,Fache,cfacheeg@dot.gov,Female,215.162.65.168
522,Lane,Eglise,legliseeh@themeforest.net,Female,69.139.30.116
523,Aylmer,Steere,asteereei@latimes.com,Male,153.151.252.170
524,Rudolf,Tickner,rticknerej@wikispaces.com,Male,7.74.92.232
525,Geralda,Fenton,gfentonek@latimes.com,Genderfluid,220.12.1.141
526,Leupold,Trenaman,ltrenamanel@arstechnica.com,Male,175.158.142.201
527,Chrissie,Skeels,cskeelsem@imgur.com,Female,132.219.38.78
528,Celine,Managh,cmanaghen@tinypic.com,Female,150.205.110.12
529,Odell,McLemon,omclemoneo@epa.gov,Male,148.79.186.97
530,Edmund,Rivalant,erivalantep@typepad.com,Male,205.197.188.141
531,Lanie,Tilbey,ltilbeyeq@ning.com,Female,195.219.4.212
532,Oliy,Eddison,oeddisoner@google.co.jp,Female,239.255.125.182
533,Guss,Bly,gblyes@ifeng.com,Male,162.195.22.85
534,Levin,Colmore,lcolmoreet@home.pl,Male,235.22.166.119
535,Stanislas,Hayball,shayballeu@vinaora.com,Male,158.63.175.183
536,Massimo,Breffit,mbreffitev@geocities.jp,Male,88.123.137.33
537,Adaline,Pencot,apencotew@usgs.gov,Female,100.139.1.194
538,Elwin,Lyard,elyardex@constantcontact.com,Male,200.87.96.205
539,Burg,Bricksey,bbrickseyey@nytimes.com,Male,15.175.129.103
540,Connie,Coppock.,ccoppockez@google.com.hk,Female,79.81.167.11
541,Coriss,Labrum,clabrumf0@macromedia.com,Female,28.59.177.147
542,Melamie,Beckinsall,mbeckinsallf1@alibaba.com,Female,135.214.146.93
543,Hubert,Creffeild,hcreffeildf2@g.co,Male,227.197.24.49
544,Moe,Pressdee,mpressdeef3@wunderground.com,Male,45.153.3.19
545,Billye,Gregg,bgreggf4@bizjournals.com,Female,7.140.187.62
546,Gray,Moryson,gmorysonf5@reverbnation.com,Female,25.62.249.104
547,Ossie,Kissack,okissackf6@marketwatch.com,Male,237.4.78.99
548,Zack,Gantlett,zgantlettf7@smh.com.au,Male,111.49.237.160
549,Aurelie,Gorst,agorstf8@bigcartel.com,Female,63.8.174.9
550,Tanitansy,Rodd,troddf9@surveymonkey.com,Female,36.213.181.9
551,Athena,Turri,aturrifa@bizjournals.com,Female,22.151.27.65
552,Dix,Glover,dgloverfb@angelfire.com,Female,101.113.211.122
553,Adorne,Pointing,apointingfc@java.com,Female,86.31.238.110
554,Griffin,McGarvie,gmcgarviefd@biglobe.ne.jp,Male,59.55.142.227
555,Gabe,Garwell,ggarwellfe@ucsd.edu,Male,120.104.93.143
556,Rollie,Tremelling,rtremellingff@si.edu,Male,69.141.164.69
557,Ramsey,Crimpe,rcrimpefg@woothemes.com,Male,182.132.44.189
558,Shalna,Lindback,slindbackfh@meetup.com,Female,124.204.45.104
559,Rickey,Donnelly,rdonnellyfi@xing.com,Male,48.85.156.118
560,Seymour,Binham,sbinhamfj@google.pl,Male,35.9.253.72
561,Bourke,Kwietek,bkwietekfk@feedburner.com,Male,47.95.96.122
562,Estele,Leyden,eleydenfl@npr.org,Female,153.166.112.149
563,Arlee,Enion,aenionfm@seesaa.net,Female,122.208.100.240
564,Ardith,Poge,apogefn@cargocollective.com,Female,185.125.44.45
565,Manny,Maxsted,mmaxstedfo@spiegel.de,Genderqueer,203.168.45.7
566,Cameron,Leates,cleatesfp@booking.com,Male,211.207.67.153
567,Kristin,Ingold,kingoldfq@dmoz.org,Female,209.201.227.235
568,Herminia,Andrichak,handrichakfr@ask.com,Genderfluid,21.229.142.157
569,Mella,Mingo,mmingofs@prweb.com,Bigender,17.124.142.171
570,Rich,Turfin,rturfinft@wisc.edu,Male,210.78.110.174
571,Rory,Lafflina,rlafflinafu@gmpg.org,Female,34.248.230.40
572,Norry,D'Adda,ndaddafv@gmpg.org,Female,218.234.108.76
573,Leisha,Donalson,ldonalsonfw@plala.or.jp,Female,87.158.60.32
574,Martita,Govenlock,mgovenlockfx@yahoo.com,Female,117.180.123.168
575,Ulrika,Scud,uscudfy@printfriendly.com,Female,86.172.159.160
576,Iain,Caen,icaenfz@com.com,Male,18.82.246.123
577,Sarette,Beyne,sbeyneg0@usnews.com,Female,22.167.58.31
578,Wendel,Doutch,wdoutchg1@unblog.fr,Male,186.59.3.137
579,Melosa,Thornally,mthornallyg2@comcast.net,Female,153.10.147.113
580,Shepperd,Ralston,sralstong3@sfgate.com,Male,221.34.165.189
581,Farand,Bothe,fbotheg4@accuweather.com,Female,22.179.193.98
582,Ches,Beagen,cbeageng5@ustream.tv,Genderfluid,77.101.28.23
583,Renato,Garken,rgarkeng6@mapy.cz,Male,27.140.92.48
584,Leonanie,Pinchbeck,lpinchbeckg7@taobao.com,Female,172.2.236.183
585,Hakeem,Billborough,hbillboroughg8@elegantthemes.com,Male,60.50.7.114
586,Annalise,Garmans,agarmansg9@sun.com,Genderqueer,106.247.226.76
587,Gaspard,Harrison,gharrisonga@163.com,Male,50.232.183.19
588,Ahmed,Mundwell,amundwellgb@nyu.edu,Male,143.13.51.217
589,Jefferson,Olenin,joleningc@prweb.com,Male,17.187.59.82
590,Daffi,Tolland,dtollandgd@bloglines.com,Female,135.99.133.13
591,Nicki,MacBey,nmacbeyge@nyu.edu,Female,16.105.60.123
592,Ax,MacParland,amacparlandgf@indiatimes.com,Male,93.138.88.88
593,Lanny,Wightman,lwightmangg@columbia.edu,Female,97.35.45.164
594,Tiertza,O' Reagan,toreagangh@unesco.org,Female,45.56.190.210
595,Adham,Ramsdell,aramsdellgi@blogtalkradio.com,Male,128.17.74.86
596,Zane,Shimoni,zshimonigj@weebly.com,Male,203.144.28.16
597,Toni,Ambrodi,tambrodigk@spotify.com,Genderqueer,35.226.183.212
598,Harlan,Fladgate,hfladgategl@de.vu,Male,10.65.129.11
599,Mae,Ughi,mughigm@discuz.net,Non-binary,77.85.175.39
600,Clarisse,Vanne,cvannegn@hao123.com,Female,47.117.69.87
601,Jacobo,Chazier,jchaziergo@netscape.com,Male,23.148.133.26
602,Hobard,Gabbott,hgabbottgp@opera.com,Male,151.59.117.184
603,Ted,Rait,traitgq@ted.com,Male,173.5.79.178
604,Kathrine,Lutzmann,klutzmanngr@youtu.be,Female,165.0.200.233
605,Freida,Stoyles,fstoylesgs@ed.gov,Female,17.150.83.208
606,Kalila,Philpin,kphilpingt@goo.gl,Female,192.119.165.45
607,Kristien,Dalgety,kdalgetygu@gov.uk,Female,141.97.242.247
608,Dore,Burel,dburelgv@wordpress.com,Male,111.62.209.215
609,Chadd,Levensky,clevenskygw@telegraph.co.uk,Male,17.14.183.206
610,Benedikt,Batting,bbattinggx@ed.gov,Male,151.215.211.76
611,Myles,Buddles,mbuddlesgy@cloudflare.com,Male,120.48.227.186
612,Jessamyn,Lodevick,jlodevickgz@icq.com,Female,101.136.82.120
613,Elsinore,Gossan,egossanh0@over-blog.com,Non-binary,90.101.118.118
614,Melosa,Klais,mklaish1@arizona.edu,Female,209.114.34.80
615,Anselm,Deary,adearyh2@prlog.org,Male,4.124.111.124
616,Mikael,Bunny,mbunnyh3@people.com.cn,Male,105.33.252.231
617,Dolores,Sanja,dsanjah4@youku.com,Female,30.210.199.81
618,Ricard,Shord,rshordh5@soundcloud.com,Male,186.216.198.8
619,Barde,Bulmer,bbulmerh6@desdev.cn,Male,205.152.141.203
620,Xymenes,Crighton,xcrightonh7@webnode.com,Male,169.197.191.158
621,Vinny,Brombell,vbrombellh8@ftc.gov,Female,211.171.77.124
622,Ellswerth,Rowlands,erowlandsh9@oracle.com,Bigender,220.2.255.128
623,Daron,Bosch,dboschha@ocn.ne.jp,Female,152.94.158.134
624,Sheryl,Letchford,sletchfordhb@nydailynews.com,Female,182.93.226.209
625,Shelby,Rolfini,srolfinihc@sun.com,Male,253.182.69.30
626,Max,Ashpole,mashpolehd@unicef.org,Female,64.120.219.148
627,Emmy,Grouer,egrouerhe@is.gd,Female,83.200.186.46
628,Arnuad,Adrianello,aadrianellohf@mysql.com,Male,193.174.123.169
629,Deane,Goodby,dgoodbyhg@ustream.tv,Female,63.214.150.248
630,Jerrome,Wareing,jwareinghh@ucsd.edu,Male,102.136.224.38
631,Lanae,Coaster,lcoasterhi@chronoengine.com,Female,243.142.169.71
632,Billie,Comar,bcomarhj@adobe.com,Male,115.60.138.4
633,Nona,Ayto,naytohk@examiner.com,Female,218.100.211.168
634,Issi,Bere,iberehl@elpais.com,Female,27.158.191.203
635,Gottfried,De Souza,gdesouzahm@cbc.ca,Male,129.54.150.180
636,Valentina,Dufaur,vdufaurhn@time.com,Female,55.56.22.13
637,Norma,Coghlin,ncoghlinho@google.com.au,Female,177.149.232.77
638,Garnet,Tritton,gtrittonhp@paginegialle.it,Female,60.166.121.214
639,Smith,Rollinshaw,srollinshawhq@google.fr,Male,208.253.213.20
640,Koenraad,Henstone,khenstonehr@nifty.com,Male,244.216.232.255
641,Phillida,Clewer,pclewerhs@yahoo.com,Female,138.66.124.152
642,Chiarra,Cockley,ccockleyht@woothemes.com,Female,171.191.64.127
643,Jessey,Yerlett,jyerletthu@chicagotribune.com,Male,248.73.37.227
644,Jackson,Waycott,jwaycotthv@i2i.jp,Non-binary,139.113.34.129
645,Opal,Raoult,oraoulthw@1688.com,Female,102.128.148.46
646,Markos,Sole,msolehx@printfriendly.com,Genderfluid,184.153.52.35
647,Laural,Lampke,llampkehy@reference.com,Female,237.28.143.249
648,Hanson,Jeakins,hjeakinshz@google.com,Male,229.9.172.6
649,Gabriele,Geale,ggealei0@linkedin.com,Male,199.35.181.69
650,Wolfie,Wapol,wwapoli1@joomla.org,Male,150.7.153.90
651,Georgy,Meneer,gmeneeri2@fc2.com,Male,233.90.59.213
652,Rosemonde,Sitlinton,rsitlintoni3@domainmarket.com,Female,10.174.158.32
653,Sonnie,Godsil,sgodsili4@boston.com,Female,49.95.30.198
654,Rosalind,Dearing,rdearingi5@earthlink.net,Female,34.36.87.209
655,Bidget,Humblestone,bhumblestonei6@shop-pro.jp,Female,93.228.171.226
656,Sayre,Bonifant,sbonifanti7@lulu.com,Female,158.176.60.197
657,Minor,Martyntsev,mmartyntsevi8@businesswire.com,Male,25.212.46.133
658,Morry,Aitchison,maitchisoni9@hao123.com,Male,113.32.65.57
659,Francklin,Puckinghorne,fpuckinghorneia@godaddy.com,Male,182.124.187.254
660,Tally,Kilpin,tkilpinib@accuweather.com,Female,145.53.228.168
661,Dukey,Bare,dbareic@amazon.co.jp,Male,194.198.73.168
662,Ricky,Santhouse,rsanthouseid@hubpages.com,Female,131.86.189.138
663,Colby,Raunds,craundsie@flickr.com,Male,180.217.204.222
664,Forest,Mayward,fmaywardif@redcross.org,Male,128.179.241.62
665,Niki,Turl,nturlig@cam.ac.uk,Male,98.60.31.5
666,Salem,Savatier,ssavatierih@behance.net,Polygender,100.242.208.76
667,Justen,Deeprose,jdeeproseii@digg.com,Male,180.200.156.13
668,Cynthie,Stocking,cstockingij@tripadvisor.com,Female,83.152.29.167
669,Perceval,Edwin,pedwinik@hp.com,Bigender,167.147.48.114
670,Thurstan,Brims,tbrimsil@wikia.com,Male,177.5.222.16
671,Mattheus,Pendock,mpendockim@unesco.org,Male,179.212.213.39
672,Griz,Tucknott,gtucknottin@hatena.ne.jp,Non-binary,115.205.54.102
673,Westleigh,Lundie,wlundieio@quantcast.com,Male,142.13.35.245
674,Beitris,Moran,bmoranip@printfriendly.com,Bigender,48.230.79.80
675,Mart,Dunstone,mdunstoneiq@vimeo.com,Male,172.80.172.154
676,Jocelyne,Aylen,jaylenir@guardian.co.uk,Female,52.93.42.132
677,Brit,Lyptrit,blyptritis@woothemes.com,Male,241.91.98.31
678,Nealson,Ricardon,nricardonit@icq.com,Genderfluid,163.81.209.130
679,Clevie,Fosse,cfosseiu@yelp.com,Male,61.237.50.189
680,Celine,Ganford,cganfordiv@bluehost.com,Agender,143.44.242.49
681,Lexy,Vickars,lvickarsiw@yelp.com,Female,112.45.45.110
682,Cal,Di Franceshci,cdifranceshciix@mozilla.org,Female,213.167.118.223
683,Luise,Fawdery,lfawderyiy@imdb.com,Female,20.212.39.110
684,Deerdre,Mosco,dmoscoiz@is.gd,Female,34.236.53.237
685,Jamison,Grindlay,jgrindlayj0@jugem.jp,Male,219.136.221.203
686,Trisha,Torfin,ttorfinj1@printfriendly.com,Female,9.110.159.245
687,Bruis,Speer,bspeerj2@virginia.edu,Male,255.76.179.190
688,Kylie,Lebreton,klebretonj3@mlb.com,Female,65.199.157.104
689,Sylvia,Dubs,sdubsj4@geocities.com,Female,8.176.103.201
690,Saul,Brockelsby,sbrockelsbyj5@mashable.com,Male,217.190.227.115
691,Annabella,Vondra,avondraj6@shareasale.com,Female,180.57.247.226
692,Beale,Joul,bjoulj7@taobao.com,Male,48.67.30.126
693,Stanley,Demer,sdemerj8@homestead.com,Genderqueer,24.253.254.31
694,Chester,Clayill,cclayillj9@reuters.com,Male,252.64.174.67
695,Mattheus,Arnaud,marnaudja@marriott.com,Male,56.144.169.167
696,Bobinette,Tivolier,btivolierjb@privacy.gov.au,Female,65.254.40.5
697,Antoine,Cordelette,acordelettejc@thetimes.co.uk,Genderqueer,232.108.17.238
698,Garreth,Tong,gtongjd@sciencedaily.com,Male,10.35.232.22
699,Peggy,Tomenson,ptomensonje@statcounter.com,Female,217.44.39.40
700,Alexandro,Peidro,apeidrojf@cnbc.com,Male,159.112.228.242
701,Christiano,Toplin,ctoplinjg@cyberchimps.com,Male,105.233.48.61
702,Ryan,Mustill,rmustilljh@sitemeter.com,Male,37.193.242.118
703,Nathanil,Kellitt,nkellittji@omniture.com,Male,156.187.4.192
704,Bran,Basek,bbasekjj@hostgator.com,Male,115.242.197.88
705,Buddie,Kettow,bkettowjk@cnbc.com,Male,179.7.234.39
706,Janos,Zaczek,jzaczekjl@shinystat.com,Male,188.62.135.153
707,Marjie,Kohrs,mkohrsjm@accuweather.com,Female,126.6.191.162
708,Nilson,Griss,ngrissjn@list-manage.com,Male,81.226.122.126
709,Benito,Koppke,bkoppkejo@census.gov,Male,232.143.43.104
710,Celie,Saffer,csafferjp@umn.edu,Female,158.212.120.185
711,Fremont,Sorby,fsorbyjq@liveinternet.ru,Male,120.57.231.193
712,Rob,Stanett,rstanettjr@t.co,Male,11.19.71.15
713,Janeczka,Bolland,jbollandjs@va.gov,Female,104.44.94.211
714,Mariellen,Racine,mracinejt@privacy.gov.au,Female,8.167.21.72
715,Luigi,Godart,lgodartju@hibu.com,Male,154.86.191.203
716,Celene,Fishbourn,cfishbournjv@gov.uk,Female,12.214.72.100
717,Harv,Rainger,hraingerjw@rambler.ru,Male,197.94.138.36
718,Bev,Townrow,btownrowjx@oakley.com,Male,158.5.2.106
719,Johnathon,Woolvin,jwoolvinjy@usatoday.com,Male,231.26.21.5
720,Rinaldo,Purshouse,rpurshousejz@usda.gov,Male,93.75.201.160
721,Holli,Greenhough,hgreenhoughk0@histats.com,Female,66.155.23.230
722,Eustace,Plane,eplanek1@angelfire.com,Male,123.194.201.232
723,Reamonn,Hunnicutt,rhunnicuttk2@ihg.com,Male,126.203.47.74
724,Fritz,Emmanuele,femmanuelek3@ucsd.edu,Male,17.6.172.71
725,Odo,Lanfranchi,olanfranchik4@weibo.com,Male,255.121.231.75
726,Heddi,Wrettum,hwrettumk5@ebay.com,Female,74.176.196.152
727,Moss,Cuolahan,mcuolahank6@cbc.ca,Male,240.8.2.29
728,Glendon,Graalmans,ggraalmansk7@istockphoto.com,Male,152.175.19.196
729,Hillie,Lote,hlotek8@google.es,Male,189.55.80.69
730,Olia,Simondson,osimondsonk9@omniture.com,Female,254.57.0.183
731,Salomon,Hendrich,shendrichka@sogou.com,Male,226.81.244.162
732,Leoine,Reeken,lreekenkb@nhs.uk,Female,2.22.30.165
733,Sanford,Wortley,swortleykc@eepurl.com,Male,200.95.96.139
734,Desi,Guilder,dguilderkd@purevolume.com,Male,45.182.153.74
735,Dorella,Youell,dyouellke@nydailynews.com,Female,24.219.55.244
736,Alma,MacNucator,amacnucatorkf@earthlink.net,Female,10.132.106.65
737,Lissy,Ferrao,lferraokg@smugmug.com,Female,97.116.204.110
738,Nap,Blesdill,nblesdillkh@mayoclinic.com,Male,174.125.19.113
739,Lita,Coughlan,lcoughlanki@psu.edu,Female,171.160.11.195
740,Doreen,Sterte,dstertekj@zdnet.com,Female,209.61.164.162
741,Verla,O' Mullan,vomullankk@msu.edu,Female,126.19.64.182
742,Grace,Skentelbury,gskentelburykl@bloglovin.com,Genderqueer,122.102.238.180
743,Fransisco,Gentery,fgenterykm@rediff.com,Agender,230.148.240.222
744,Shermy,Tunnah,stunnahkn@phoca.cz,Male,145.176.154.189
745,Dorice,McGarahan,dmcgarahanko@artisteer.com,Female,108.34.44.160
746,Saunders,Tate,statekp@china.com.cn,Polygender,33.251.73.135
747,Ozzy,Oleksiak,ooleksiakkq@delicious.com,Male,78.96.128.221
748,Bartlet,Caplis,bcapliskr@ihg.com,Male,153.29.121.8
749,Garry,Hartopp,ghartoppks@smh.com.au,Male,129.29.163.129
750,Norean,Glentworth,nglentworthkt@rambler.ru,Female,27.28.56.110
751,Graeme,Luppitt,gluppittku@elegantthemes.com,Male,162.233.11.83
752,Rosamond,Wadly,rwadlykv@wix.com,Female,248.206.47.181
753,Georgie,Mudie,gmudiekw@buzzfeed.com,Genderfluid,183.134.175.18
754,Brendon,Koschke,bkoschkekx@qq.com,Polygender,218.107.149.133
755,Jorgan,Smittoune,jsmittouneky@tripod.com,Male,29.42.32.70
756,Dorelle,Gent,dgentkz@smugmug.com,Female,88.205.128.179
757,Beverley,O'Hern,bohernl0@studiopress.com,Female,21.20.123.8
758,Claribel,Paaso,cpaasol1@zimbio.com,Female,203.56.152.9
759,Avrit,Iddy,aiddyl2@wsj.com,Female,128.66.47.107
760,Hamid,Poile,hpoilel3@flavors.me,Male,11.170.131.166
761,Maren,Maginn,mmaginnl4@wired.com,Female,60.138.200.162
762,Noak,Musk,nmuskl5@state.gov,Male,94.48.194.180
763,Christian,De Angelis,cdeangelisl6@symantec.com,Bigender,81.154.63.60
764,Jania,Legat,jlegatl7@tripod.com,Female,115.88.26.186
765,Kaylee,Skipsey,kskipseyl8@4shared.com,Female,249.8.63.31
766,Gilbert,Pleaden,gpleadenl9@mail.ru,Male,181.54.118.153
767,Denny,Kilfeder,dkilfederla@psu.edu,Male,170.189.197.8
768,Nyssa,Klambt,nklambtlb@newyorker.com,Bigender,34.127.127.101
769,Corliss,Kollach,ckollachlc@com.com,Female,200.45.115.147
770,Welbie,Rowberry,wrowberryld@zimbio.com,Male,84.111.96.26
771,Sayres,Salvin,ssalvinle@berkeley.edu,Non-binary,5.152.130.238
772,Gertie,Alelsandrovich,galelsandrovichlf@delicious.com,Female,237.151.89.169
773,Theresina,Emons,temonslg@symantec.com,Female,115.198.31.139
774,Laird,Boise,lboiselh@utexas.edu,Male,20.189.44.103
775,Yvon,Trenholm,ytrenholmli@hostgator.com,Male,255.112.114.28
776,Dev,Bonnefin,dbonnefinlj@cpanel.net,Male,163.119.123.200
777,Flossy,Grayston,fgraystonlk@friendfeed.com,Female,10.79.165.93
778,Gwenette,Siegertsz,gsiegertszll@slashdot.org,Female,128.54.103.244
779,Jamie,Niaves,jniaveslm@creativecommons.org,Male,103.15.174.239
780,Lisbeth,Staveley,lstaveleyln@webmd.com,Female,22.41.165.228
781,Kayley,Buxsey,kbuxseylo@gravatar.com,Female,179.113.93.51
782,Elora,McJerrow,emcjerrowlp@time.com,Polygender,66.108.96.124
783,Kahaleel,Pretious,kpretiouslq@psu.edu,Male,156.198.127.26
784,Angil,Dracksford,adracksfordlr@weebly.com,Female,176.88.196.181
785,Salvidor,Vicioso,sviciosols@admin.ch,Agender,24.178.107.57
786,Chaim,Beert,cbeertlt@seattletimes.com,Male,100.20.202.91
787,Charlton,Heintzsch,cheintzschlu@nps.gov,Male,172.37.77.58
788,Orren,Terris,oterrislv@comsenz.com,Male,21.147.151.94
789,Sophronia,Hollingsbee,shollingsbeelw@marriott.com,Female,94.229.228.244
790,Mareah,MacKnocker,mmacknockerlx@blogs.com,Female,210.193.116.152
791,Jobyna,Deaville,jdeavillely@list-manage.com,Female,190.27.113.62
792,Edita,Doche,edochelz@facebook.com,Polygender,78.77.47.60
793,Kellsie,Ecclesall,kecclesallm0@cbsnews.com,Female,62.169.114.127
794,Corissa,Leverich,cleverichm1@va.gov,Agender,17.5.19.57
795,Shaughn,Heitz,sheitzm2@usda.gov,Male,202.39.235.89
796,Orren,Radden,oraddenm3@about.com,Male,237.186.76.204
797,Haleigh,Mitchelmore,hmitchelmorem4@auda.org.au,Male,136.25.74.96
798,Sherwood,Harrill,sharrillm5@simplemachines.org,Male,202.125.251.243
799,Kerwin,Kiffe,kkiffem6@creativecommons.org,Male,159.221.5.20
800,Dulce,Croom,dcroomm7@ft.com,Agender,73.25.143.193
801,Delphine,Scottini,dscottinim8@wikimedia.org,Female,6.249.156.121
802,Olivero,Eginton,oegintonm9@cnn.com,Male,212.123.117.36
803,Ammamaria,Fritschel,afritschelma@gnu.org,Female,59.70.221.110
804,Rickie,Roddam,rroddammb@hatena.ne.jp,Female,221.65.24.168
805,Wilfred,Asgodby,wasgodbymc@independent.co.uk,Male,17.226.8.137
806,Ram,Spinetti,rspinettimd@webnode.com,Male,14.17.157.122
807,Barn,Abbie,babbieme@domainmarket.com,Male,53.205.35.26
808,Shirl,Tommasi,stommasimf@joomla.org,Female,144.107.10.235
809,Rafael,Tassaker,rtassakermg@1und1.de,Male,83.60.17.68
810,Morie,Gebb,mgebbmh@vimeo.com,Male,189.113.152.213
811,Elliot,Paffley,epaffleymi@whitehouse.gov,Male,68.20.6.240
812,Giorgio,Treweke,gtrewekemj@hhs.gov,Male,159.99.95.225
813,Had,Belvard,hbelvardmk@amazon.co.uk,Male,89.134.69.153
814,Mallissa,Topaz,mtopazml@twitpic.com,Female,24.169.92.128
815,Frans,Kember,fkembermm@google.ca,Male,83.57.47.246
816,Teodoro,Kinner,tkinnermn@squarespace.com,Male,168.248.92.141
817,Aliza,Carmel,acarmelmo@cornell.edu,Female,227.100.101.9
818,Taddeo,Tilbury,ttilburymp@sina.com.cn,Male,214.84.93.155
819,Cacilie,Pattlel,cpattlelmq@is.gd,Female,191.209.175.78
820,Raphaela,Sweetenham,rsweetenhammr@techcrunch.com,Female,205.116.137.236
821,Nicki,Levane,nlevanems@hc360.com,Female,172.69.140.220
822,Algernon,Philipot,aphilipotmt@elegantthemes.com,Male,43.182.218.141
823,Emmie,Yurmanovev,eyurmanovevmu@mapy.cz,Female,57.191.14.230
824,Durand,Trodd,dtroddmv@flavors.me,Male,83.99.95.14
825,Scarlet,Giroldo,sgiroldomw@sina.com.cn,Female,211.116.137.72
826,Osgood,Castangia,ocastangiamx@lulu.com,Male,254.38.95.168
827,Belle,Pargetter,bpargettermy@ning.com,Female,201.141.13.44
828,Ethelda,Keppie,ekeppiemz@tripadvisor.com,Female,214.136.9.248
829,Cortie,Rhelton,crheltonn0@csmonitor.com,Male,77.134.60.136
830,Elnora,Laminman,elaminmann1@accuweather.com,Female,199.89.115.11
831,Sharla,Eatock,seatockn2@netlog.com,Female,169.235.127.168
832,Roger,Tooze,rtoozen3@i2i.jp,Male,185.237.191.42
833,Karry,Ribey,kribeyn4@google.it,Female,24.107.245.72
834,Edy,Goncalo,egoncalon5@is.gd,Female,43.27.244.88
835,Corty,Sarvar,csarvarn6@moonfruit.com,Male,51.250.227.90
836,Winslow,Priddis,wpriddisn7@statcounter.com,Male,35.4.41.102
837,Lay,McGeffen,lmcgeffenn8@dropbox.com,Male,87.230.148.10
838,Klement,Wason,kwasonn9@unesco.org,Male,112.221.126.38
839,Bennie,Clara,bclarana@deviantart.com,Bigender,18.19.129.250
840,Hadlee,Garvan,hgarvannb@zdnet.com,Male,218.191.105.139
841,Winne,Mora,wmoranc@bigcartel.com,Female,244.163.12.27
842,Kalinda,Ewestace,kewestacend@bigcartel.com,Female,223.144.114.15
843,King,Elgey,kelgeyne@chronoengine.com,Agender,166.172.69.142
844,Percy,Jeste,pjestenf@cornell.edu,Male,40.43.26.170
845,Emlyn,Etchells,eetchellsng@flavors.me,Female,80.244.211.142
846,Collen,Taleworth,ctaleworthnh@usgs.gov,Female,82.179.240.83
847,Jewell,Lias,jliasni@berkeley.edu,Female,165.77.57.67
848,Abagael,Stegell,astegellnj@xing.com,Female,167.98.78.180
849,Milo,Croke,mcrokenk@wsj.com,Male,38.241.185.14
850,Lynn,Snaden,lsnadennl@desdev.cn,Male,118.106.60.121
851,Ludwig,Hastilow,lhastilownm@cafepress.com,Male,97.217.66.55
852,Tonye,Humm,thummnn@businessweek.com,Female,149.104.83.250
853,Ulysses,Brimicombe,ubrimicombeno@live.com,Male,55.31.159.248
854,Tobie,Purse,tpursenp@dell.com,Agender,56.75.132.65
855,Salim,Seares,ssearesnq@biblegateway.com,Male,53.72.123.107
856,Arnold,Hehnke,ahehnkenr@accuweather.com,Male,210.25.170.9
857,Ashlee,Hartgill,ahartgillns@tinypic.com,Female,179.34.247.98
858,Gabbie,Cutbirth,gcutbirthnt@blogtalkradio.com,Agender,20.221.41.196
859,Joshuah,Godsmark,jgodsmarknu@aboutads.info,Male,227.18.171.178
860,Jonathon,Holton,jholtonnv@webmd.com,Male,22.246.121.149
861,Edd,Ascrofte,eascroftenw@jimdo.com,Male,100.183.254.1
862,Aliza,Boulden,abouldennx@techcrunch.com,Bigender,144.177.181.172
863,Stavros,O'Sculley,sosculleyny@webs.com,Male,41.222.187.75
864,Hamish,Delmonti,hdelmontinz@jalbum.net,Male,121.113.135.202
865,Buck,McLaggan,bmclaggano0@smh.com.au,Male,40.142.194.90
866,Maurizio,Heffernan,mheffernano1@hostgator.com,Male,222.140.179.143
867,Barr,Goodley,bgoodleyo2@archive.org,Genderfluid,111.188.41.255
868,Camille,Dorro,cdorroo3@wsj.com,Female,100.148.170.197
869,Mischa,Chinery,mchineryo4@bizjournals.com,Male,78.175.1.81
870,Dorry,Stanlike,dstanlikeo5@aol.com,Female,35.122.184.197
871,Consolata,Borg,cborgo6@reuters.com,Agender,197.98.74.251
872,Umberto,Rowdell,urowdello7@geocities.jp,Male,41.90.138.229
873,Stern,Dimitriev,sdimitrievo8@usnews.com,Male,14.222.59.73
874,Eadmund,Pring,epringo9@indiegogo.com,Male,127.143.104.151
875,Culley,Chesterman,cchestermanoa@netscape.com,Male,194.59.245.228
876,Flossie,Blazdell,fblazdellob@techcrunch.com,Female,139.95.102.56
877,Lynea,Duffield,lduffieldoc@barnesandnoble.com,Female,193.107.200.150
878,Decca,Shirtliff,dshirtliffod@technorati.com,Male,129.159.26.181
879,Dag,Hooks,dhooksoe@altervista.org,Male,51.144.123.208
880,Lin,Giffon,lgiffonof@goo.gl,Female,90.46.220.179
881,Randal,Clampe,rclampeog@histats.com,Male,237.194.241.185
882,Carolyn,Balch,cbalchoh@amazonaws.com,Genderfluid,60.5.194.108
883,Trueman,Lycett,tlycettoi@wikimedia.org,Male,34.183.110.142
884,Andres,McUre,amcureoj@wix.com,Male,153.242.31.226
885,Vito,Cobbold,vcobboldok@hhs.gov,Male,237.234.38.202
886,Nadeen,Phil,nphilol@archive.org,Female,227.122.141.60
887,Ursulina,Posthill,uposthillom@slashdot.org,Female,177.148.170.125
888,Jard,Poznan,jpoznanon@hud.gov,Male,87.137.29.96
889,Sheppard,Bendel,sbendeloo@comcast.net,Male,232.196.143.55
890,Dacia,Choat,dchoatop@printfriendly.com,Polygender,187.109.10.247
891,Mellisent,Orta,mortaoq@nba.com,Female,124.27.135.148
892,Ravid,Szymoni,rszymonior@mac.com,Male,173.133.233.169
893,Rahel,Rozycki,rrozyckios@mozilla.com,Female,198.15.227.166
894,Celina,Kopfer,ckopferot@purevolume.com,Female,190.196.116.60
895,Field,Hastie,fhastieou@spotify.com,Male,25.144.193.131
896,Gracia,O'Hengerty,gohengertyov@google.nl,Female,161.15.126.171
897,Stefan,Domelow,sdomelowow@army.mil,Male,103.119.27.254
898,Clayton,A'Barrow,cabarrowox@ucoz.com,Male,139.214.38.56
899,Bryce,Huish,bhuishoy@narod.ru,Genderfluid,233.124.122.64
900,Laraine,Bunny,lbunnyoz@macromedia.com,Female,53.253.59.20
901,Ave,Veillard,aveillardp0@upenn.edu,Genderqueer,95.200.57.201
902,Morissa,Chucks,mchucksp1@indiatimes.com,Female,210.194.117.145
903,Conrad,Bremen,cbremenp2@altervista.org,Male,111.40.116.6
904,Andonis,Spurrier,aspurrierp3@sun.com,Male,233.162.199.134
905,Rockie,Kondratenko,rkondratenkop4@edublogs.org,Male,204.84.45.58
906,Jessee,Lippitt,jlippittp5@tinyurl.com,Male,93.118.90.27
907,Maryl,Fellgatt,mfellgattp6@cdbaby.com,Polygender,200.222.119.15
908,Kat,Baudinelli,kbaudinellip7@usda.gov,Female,122.95.11.186
909,Cecil,Tombling,ctomblingp8@cdbaby.com,Female,234.87.168.96
910,Porter,Daunay,pdaunayp9@kickstarter.com,Male,227.17.195.28
911,Denys,Boykett,dboykettpa@w3.org,Male,61.90.50.29
912,Karalynn,Chadbourne,kchadbournepb@weather.com,Female,148.81.151.174
913,Anjanette,Dalloway,adallowaypc@patch.com,Female,246.140.202.49
914,Markus,Vanacci,mvanaccipd@w3.org,Male,117.156.231.80
915,Rollins,Kienle,rkienlepe@cafepress.com,Male,58.195.110.253
916,Fiona,Du Pre,fduprepf@ebay.com,Female,43.212.38.148
917,Sandy,Dell Casa,sdellcasapg@oaic.gov.au,Male,221.133.156.161
918,Remington,Fryatt,rfryattph@posterous.com,Male,14.12.125.84
919,Darn,Hofton,dhoftonpi@blogs.com,Male,104.173.91.158
920,Somerset,Laville,slavillepj@bloglovin.com,Male,130.241.209.249
921,Ludovico,Rouge,lrougepk@list-manage.com,Genderfluid,204.13.178.196
922,Libbey,Methringham,lmethringhampl@friendfeed.com,Female,29.65.33.95
923,Cornell,Austwick,caustwickpm@gov.uk,Male,215.242.29.101
924,Gabrielle,Fullbrook,gfullbrookpn@slideshare.net,Female,13.47.38.206
925,Toni,Boon,tboonpo@japanpost.jp,Female,52.166.21.210
926,Kristyn,Chittem,kchittempp@blog.com,Female,80.129.244.213
927,Rivy,Brooks,rbrookspq@gravatar.com,Genderfluid,67.139.225.111
928,Sydelle,Boxer,sboxerpr@cloudflare.com,Genderfluid,211.150.106.56
929,Marthe,Petrovic,mpetrovicps@amazon.co.uk,Female,93.136.233.67
930,Nevile,Hanley,nhanleypt@cnet.com,Male,71.62.159.175
931,Mari,Gurner,mgurnerpu@howstuffworks.com,Female,72.165.48.60
932,Jessey,McGahy,jmcgahypv@addthis.com,Male,143.127.210.98
933,Patti,Vasenin,pvaseninpw@odnoklassniki.ru,Bigender,68.86.165.109
934,Gusella,Ramirez,gramirezpx@bandcamp.com,Female,130.164.124.236
935,Burke,MacShirie,bmacshiriepy@people.com.cn,Male,166.155.37.35
936,Johannes,Itzkovsky,jitzkovskypz@github.io,Male,96.133.60.132
937,Hendrik,Wingar,hwingarq0@godaddy.com,Agender,77.80.16.206
938,Sophia,Fanti,sfantiq1@wunderground.com,Female,141.105.204.78
939,Putnam,Pettet,ppettetq2@wordpress.org,Male,12.243.147.178
940,Bronnie,Rivelin,brivelinq3@yahoo.co.jp,Male,132.123.110.121
941,Tawnya,Glendining,tglendiningq4@trellian.com,Female,250.148.246.126
942,Matias,Babonau,mbabonauq5@pen.io,Male,235.196.65.120
943,Viv,Adamek,vadamekq6@wiley.com,Female,54.91.135.141
944,Spenser,Bane,sbaneq7@shop-pro.jp,Male,47.130.152.214
945,Codie,Ashdown,cashdownq8@constantcontact.com,Female,240.202.173.66
946,Grove,Willatt,gwillattq9@4shared.com,Male,110.73.23.167
947,Waverley,Credland,wcredlandqa@wsj.com,Male,182.18.47.85
948,Nessa,Gerger,ngergerqb@utexas.edu,Genderfluid,57.121.47.178
949,Nathanial,Elliss,nellissqc@wired.com,Male,187.116.106.104
950,Dierdre,Brame,dbrameqd@addtoany.com,Female,1.203.133.10
951,Gerry,Dellit,gdellitqe@mail.ru,Male,119.86.155.241
952,Berk,Pawelek,bpawelekqf@theguardian.com,Male,156.60.68.25
953,Aldrich,O'Griffin,aogriffinqg@prlog.org,Male,96.149.174.243
954,Marcelline,Dennes,mdennesqh@behance.net,Female,179.63.156.33
955,Mikaela,Crossthwaite,mcrossthwaiteqi@mapquest.com,Female,92.190.127.186
956,Cornell,Aykroyd,caykroydqj@webnode.com,Male,205.70.133.53
957,Davey,Iacobassi,diacobassiqk@globo.com,Male,28.30.104.54
958,Lorrin,Ashleigh,lashleighql@reddit.com,Female,165.194.162.19
959,Judy,Marians,jmariansqm@ning.com,Female,153.40.3.15
960,Bryce,Catlin,bcatlinqn@phoca.cz,Male,223.125.126.228
961,Caren,Birchwood,cbirchwoodqo@tmall.com,Female,32.97.135.188
962,Garey,Bick,gbickqp@hp.com,Male,198.51.166.64
963,Bridget,Corten,bcortenqq@linkedin.com,Female,7.229.201.108
964,Rex,Burgiss,rburgissqr@oracle.com,Male,243.236.123.82
965,Aloise,Klaaassen,aklaaassenqs@webeden.co.uk,Female,113.111.26.28
966,Mohandas,Raft,mraftqt@earthlink.net,Male,36.252.93.211
967,Port,Shankle,pshanklequ@hao123.com,Genderqueer,6.41.176.117
968,Bentley,Jest,bjestqv@globo.com,Male,145.55.155.87
969,Elfrieda,Brantl,ebrantlqw@ucoz.com,Female,208.115.234.78
970,Spenser,Fearnsides,sfearnsidesqx@psu.edu,Male,2.128.141.169
971,Annemarie,Tezure,atezureqy@statcounter.com,Female,120.103.170.150
972,Carolin,Coxwell,ccoxwellqz@desdev.cn,Female,242.157.106.111
973,Lanny,Habbershon,lhabbershonr0@sina.com.cn,Female,150.248.184.178
974,Caressa,Redrup,credrupr1@deliciousdays.com,Female,45.24.143.232
975,Jodi,Suter,jsuterr2@myspace.com,Female,248.102.21.49
976,Morena,Kelland,mkellandr3@cdbaby.com,Female,225.37.45.250
977,Wat,Sains,wsainsr4@netvibes.com,Genderqueer,210.102.12.146
978,Chrysler,Hollingdale,chollingdaler5@thetimes.co.uk,Female,251.56.108.203
979,Eugenia,Mulberry,emulberryr6@cloudflare.com,Female,46.58.36.236
980,Mattias,Copnall,mcopnallr7@printfriendly.com,Male,181.240.199.12
981,Dulsea,Quiney,dquineyr8@comcast.net,Polygender,115.150.8.11
982,Jessamine,Goard,jgoardr9@symantec.com,Female,118.150.25.90
983,Tate,Neely,tneelyra@nih.gov,Female,243.184.120.251
984,Waverley,Pegden,wpegdenrb@answers.com,Male,3.107.164.241
985,Rubi,Dunwoody,rdunwoodyrc@over-blog.com,Female,0.234.246.233
986,Gibby,Gigg,ggiggrd@digg.com,Male,161.34.29.112
987,Rana,Stevani,rstevanire@uol.com.br,Female,182.172.118.66
988,Fonsie,Barradell,fbarradellrf@dropbox.com,Male,25.83.232.231
989,Hilly,Oleksinski,holeksinskirg@cbc.ca,Male,248.174.106.127
990,Maurene,Paulson,mpaulsonrh@behance.net,Female,92.137.163.75
991,Hedy,Nan Carrow,hnancarrowri@ameblo.jp,Non-binary,0.49.133.85
992,Van,O' Faherty,vofahertyrj@google.de,Female,133.11.18.140
993,Brock,Kinder,bkinderrk@bigcartel.com,Male,64.193.150.87
994,Rochella,Itzkovitch,ritzkovitchrl@is.gd,Female,204.246.169.115
995,Blanche,Aloshechkin,baloshechkinrm@digg.com,Female,18.57.223.22
996,Herb,Jandac,hjandacrn@vk.com,Male,234.178.26.42
997,Marina,Westell,mwestellro@reference.com,Female,186.220.191.27
998,Fowler,Exall,fexallrp@foxnews.com,Bigender,20.244.220.206
999,Pepita,McCathy,pmccathyrq@java.com,Female,122.71.166.207
1000,Dominica,Jalland,djallandrr@google.fr,Female,90.2.77.210